s.no.,objective,test_rmse
5,-90809.04442616004,1.1331035790516837
8,-90869.71830366846,1.0980996987770522
4,-90911.77510738709,1.0964068193081844
9,-90976.55978692819,1.1465875918062653
10,-91009.41982273936,1.1341365814383528
6,-91107.84651934764,1.1445448132168432
7,-91123.29801633509,1.1260956015144719
1,-91185.96105557373,1.12581393865687
3,-91236.49101484985,1.1177440644863097
2,-91276.95064163652,1.128830278902074
